day,pressure,maxtemp,temparature,mintemp,dewpoint,humidity,cloud,rainfall,sunshine,winddirection,windspeed,agriculture_suitability,flood_occurence,intensity,advisory
1,1025.9,19.9,18.3,16.8,13.1,72,49,1,9.3,80,26.3,76,86,7.79,"High rainfall, consider drainage systems"
2,1022.0,21.7,18.9,17.2,15.6,81,83,1,0.6,50,15.3,40,74,5.43,"Low rainfall, consider irrigation techniques"
3,1019.7,20.3,19.3,18.0,18.4,95,91,1,0.0,40,14.2,78,47,5.37,"Low rainfall, consider irrigation techniques"
4,1018.9,22.3,20.6,19.1,18.8,90,88,1,1.0,50,16.9,60,25,0.6,"Moderate rainfall, suitable for most crops"
5,1015.9,21.3,20.7,20.2,19.9,95,81,1,0.0,40,13.7,81,54,1.24,"Moderate rainfall, suitable for most crops"
6,1018.8,24.3,20.9,19.2,18.0,84,51,1,7.7,20,14.5,35,93,1.84,"Moderate rainfall, suitable for most crops"
7,1021.8,21.4,18.8,17.0,15.0,79,56,0,3.4,30,21.5,76,60,0.54,"Moderate rainfall, suitable for most crops"
8,1020.8,21.0,18.4,16.5,14.4,78,28,0,7.7,60,14.3,85,94,2.36,"Moderate rainfall, suitable for most crops"
9,1020.6,18.9,18.1,17.1,14.3,78,79,0,3.3,70,39.3,68,11,7.79,"High rainfall, consider drainage systems"
10,1017.5,18.5,18.0,17.2,15.5,85,91,1,0.0,70,37.7,68,23,3.58,"Low rainfall, consider irrigation techniques"
11,1016.5,20.4,18.1,16.5,16.4,90,90,1,2.1,40,23.3,74,8,6.63,"Low rainfall, consider irrigation techniques"
12,1019.9,18.5,17.3,16.1,13.7,79,86,0,0.6,20,23.9,99,79,6.56,"Low rainfall, consider irrigation techniques"
13,1020.8,18.7,16.1,14.2,12.1,77,34,0,9.1,30,24.4,90,91,2.92,"Low rainfall, consider irrigation techniques"
14,1019.3,17.5,16.5,15.6,12.9,79,81,1,1.5,60,33.2,99,19,1.56,"Moderate rainfall, suitable for most crops"
15,1015.4,16.1,15.1,14.5,14.6,97,97,1,0.0,50,37.5,46,8,7.86,"High rainfall, consider drainage systems"
16,1013.5,17.1,16.4,15.5,15.6,95,93,1,0.0,60,40.0,28,38,5.4,"Low rainfall, consider irrigation techniques"
17,1011.5,20.6,17.8,14.8,16.1,90,79,1,1.6,20,23.4,79,68,6.57,"Low rainfall, consider irrigation techniques"
18,1017.1,17.8,15.2,11.9,11.1,76,49,0,3.9,50,28.4,37,25,0.68,"Moderate rainfall, suitable for most crops"
19,1020.1,17.6,16.4,15.3,12.5,78,84,0,1.0,60,38.0,95,93,0.95,"Moderate rainfall, suitable for most crops"
20,1019.6,16.8,15.5,14.8,13.9,90,92,1,0.0,70,50.6,35,56,0.22,"Moderate rainfall, suitable for most crops"
21,1017.7,17.1,16.1,15.1,15.3,95,100,1,0.0,50,26.2,49,60,2.34,"Moderate rainfall, suitable for most crops"
22,1018.9,16.2,14.1,10.3,12.9,92,100,1,0.0,50,35.3,57,15,1.97,"Moderate rainfall, suitable for most crops"
23,1027.1,10.4,8.5,7.0,3.4,70,95,1,0.0,20,55.5,49,1,1.4,"Moderate rainfall, suitable for most crops"
24,1034.6,7.1,4.9,3.1,2.2,61,96,1,0.0,20,59.5,54,39,6.91,"Low rainfall, consider irrigation techniques"
25,1032.6,10.8,7.4,4.3,3.7,46,25,0,10.1,20,28.7,90,39,3.81,"Low rainfall, consider irrigation techniques"
26,1027.1,13.5,10.4,8.1,2.5,59,85,1,0.4,20,21.3,81,87,0.48,"Moderate rainfall, suitable for most crops"
27,1022.7,15.3,13.0,9.8,11.6,92,95,1,0.2,20,29.6,40,86,7.99,"High rainfall, consider drainage systems"
28,1018.2,17.4,16.1,14.8,15.7,98,100,1,0.0,60,28.8,80,26,2.31,"Moderate rainfall, suitable for most crops"
29,1017.9,17.4,16.6,15.9,15.9,96,91,1,0.2,50,25.0,88,36,0.86,"Moderate rainfall, suitable for most crops"
30,1020.0,19.9,17.6,16.2,15.5,88,80,0,3.3,50,21.2,50,31,1.58,"Moderate rainfall, suitable for most crops"
31,1019.9,16.2,15.7,15.3,13.4,86,93,1,0.1,70,43.1,52,55,4.24,"Low rainfall, consider irrigation techniques"
1,1022.2,15.6,12.4,10.7,11.2,93,96,1,0.0,20,31.9,53,65,1.88,"Moderate rainfall, suitable for most crops"
2,1024.4,11.2,10.4,9.4,6.8,79,94,1,0.0,10,27.3,90,19,4.96,"Low rainfall, consider irrigation techniques"
3,1023.6,14.3,12.5,10.3,8.6,77,88,1,0.3,40,21.3,92,7,3.31,"Low rainfall, consider irrigation techniques"
4,1021.8,18.8,15.2,13.3,10.9,76,45,0,9.2,40,9.1,35,96,3.76,"Low rainfall, consider irrigation techniques"
5,1021.2,18.6,14.8,12.3,8.4,66,18,0,10.1,20,24.4,92,38,6.6,"Low rainfall, consider irrigation techniques"
6,1024.9,17.4,13.6,11.2,0.3,39,13,0,10.2,20,44.7,38,82,0.63,"Moderate rainfall, suitable for most crops"
7,1026.1,18.1,13.7,9.9,1.7,36,2,0,10.2,20,20.5,69,72,5.18,"Low rainfall, consider irrigation techniques"
8,1023.9,19.6,14.8,11.6,4.3,52,0,0,10.2,40,16.7,31,100,4.24,"Low rainfall, consider irrigation techniques"
9,1020.8,21.2,16.7,12.7,7.2,54,29,0,10.2,40,17.2,54,46,7.93,"High rainfall, consider drainage systems"
10,1017.5,17.3,16.6,15.3,9.8,64,77,1,0.1,40,22.0,43,56,7.17,"Low rainfall, consider irrigation techniques"
11,1014.9,22.4,18.8,17.2,16.4,86,80,1,2.4,40,15.8,51,72,0.65,"Moderate rainfall, suitable for most crops"
12,1013.4,21.6,19.2,17.6,18.5,95,86,1,0.6,30,13.9,70,84,0.9,"Moderate rainfall, suitable for most crops"
13,1012.5,25.9,23.1,21.3,21.1,89,76,0,3.5,200,10.2,43,90,7.34,"Low rainfall, consider irrigation techniques"
14,1014.8,24.6,21.7,17.4,18.1,81,82,1,3.9,20,15.3,42,35,2.47,"Moderate rainfall, suitable for most crops"
15,1024.3,17.5,13.2,11.4,6.6,64,88,1,0.0,20,33.5,72,43,2.44,"Moderate rainfall, suitable for most crops"
16,1025.4,15.1,12.8,10.9,6.0,63,89,0,0.7,20,23.5,65,91,4.42,"Low rainfall, consider irrigation techniques"
17,1024.1,14.4,12.9,11.6,8.9,77,91,1,1.7,20,19.2,49,55,3.17,"Low rainfall, consider irrigation techniques"
18,1021.9,15.0,13.7,11.7,11.8,89,95,1,2.7,40,18.6,25,54,7.9,"High rainfall, consider drainage systems"
19,1020.3,16.3,15.3,14.6,13.3,88,94,1,3.0,40,22.2,51,90,6.72,"Low rainfall, consider irrigation techniques"
20,1023.2,20.1,16.0,12.5,9.6,67,55,1,5.9,20,23.9,77,99,5.92,"Low rainfall, consider irrigation techniques"
21,1022.2,15.9,15.0,14.7,11.0,77,82,1,6.9,70,44.7,45,22,0.64,"Moderate rainfall, suitable for most crops"
22,1020.6,17.6,16.1,14.6,14.7,91,88,1,7.9,50,24.4,80,59,1.84,"Moderate rainfall, suitable for most crops"
23,1022.3,16.7,15.5,13.7,14.3,92,88,1,8.9,20,19.3,66,54,0.25,"Moderate rainfall, suitable for most crops"
24,1027.5,15.5,13.7,12.3,10.0,78,88,1,9.9,20,28.0,46,80,6.22,"Low rainfall, consider irrigation techniques"
25,1028.9,16.8,14.8,13.5,10.5,76,87,0,10.9,20,20.4,94,40,7.85,"High rainfall, consider drainage systems"
26,1027.4,17.6,15.2,14.0,11.6,79,88,1,11.9,30,15.2,74,31,6.46,"Low rainfall, consider irrigation techniques"
27,1024.7,17.5,15.5,13.8,11.7,79,79,1,12.9,20,9.1,40,44,6.95,"Low rainfall, consider irrigation techniques"
28,1023.8,20.9,16.6,13.3,11.5,72,49,0,13.9,20,9.2,40,87,2.37,"Moderate rainfall, suitable for most crops"
29,1024.4,24.8,18.5,14.4,10.1,61,19,0,14.9,40,16.9,68,58,4.03,"Low rainfall, consider irrigation techniques"
1,1024.7,19.7,16.5,14.6,11.5,73,43,0,15.9,70,34.2,49,29,4.29,"Low rainfall, consider irrigation techniques"
2,1023.8,20.6,16.6,14.4,11.4,72,32,0,16.9,60,27.1,80,14,3.48,"Low rainfall, consider irrigation techniques"
3,1020.9,23.8,18.7,15.4,14.0,75,46,0,17.9,40,14.7,27,12,1.83,"Moderate rainfall, suitable for most crops"
4,1018.1,23.2,20.2,18.1,16.9,82,71,0,18.9,40,15.4,69,95,7.85,"High rainfall, consider drainage systems"
5,1016.7,23.1,20.8,19.2,16.9,79,83,1,19.9,30,13.3,71,87,5.14,"Low rainfall, consider irrigation techniques"
6,1015.8,25.9,21.8,19.2,18.0,79,72,0,20.9,220,6.6,57,91,1.01,"Moderate rainfall, suitable for most crops"
7,1014.9,21.3,19.7,18.9,18.2,91,76,1,21.9,40,13.8,51,50,3.33,"Low rainfall, consider irrigation techniques"
8,1012.5,21.5,20.1,18.9,18.9,93,88,0,22.9,40,15.3,35,12,1.73,"Moderate rainfall, suitable for most crops"
9,1012.5,22.9,20.8,17.1,19.9,95,88,1,23.9,50,15.1,67,52,7.96,"High rainfall, consider drainage systems"
10,1019.5,17.2,13.4,10.0,12.2,93,93,1,24.9,20,39.7,49,66,0.65,"Moderate rainfall, suitable for most crops"
11,1022.6,14.3,11.9,10.0,8.0,77,93,1,25.9,20,25.0,81,35,4.04,"Low rainfall, consider irrigation techniques"
12,1017.7,14.5,13.6,12.7,11.4,87,100,1,26.9,50,36.0,45,58,4.95,"Low rainfall, consider irrigation techniques"
13,1014.5,17.0,15.8,14.4,15.1,96,99,1,27.9,50,22.8,97,13,5.18,"Low rainfall, consider irrigation techniques"
14,1018.0,16.5,15.3,14.2,12.4,83,89,1,28.9,20,26.7,32,64,3.78,"Low rainfall, consider irrigation techniques"
15,1017.1,15.5,14.8,14.0,11.1,79,94,1,29.9,70,38.0,25,89,0.94,"Moderate rainfall, suitable for most crops"
16,1015.0,16.3,15.3,14.1,13.6,90,100,1,30.9,60,33.2,57,90,6.96,"Low rainfall, consider irrigation techniques"
17,1014.3,17.4,16.5,15.6,16.0,97,97,1,31.9,50,26.5,29,26,7.39,"Low rainfall, consider irrigation techniques"
18,1012.0,21.9,19.5,17.2,19.0,97,92,1,32.9,30,13.1,89,73,2.61,"Low rainfall, consider irrigation techniques"
19,1013.0,24.9,22.4,20.3,21.4,94,85,1,33.9,40,12.5,92,79,2.55,"Low rainfall, consider irrigation techniques"
20,1014.7,23.1,19.0,17.6,17.4,91,96,1,34.9,50,28.0,56,41,1.75,"Moderate rainfall, suitable for most crops"
21,1014.8,18.2,17.1,16.4,16.3,95,95,1,35.9,60,38.3,94,53,0.66,"Moderate rainfall, suitable for most crops"
22,1013.4,17.3,16.6,15.9,16.0,96,100,1,36.9,50,33.5,65,47,2.48,"Moderate rainfall, suitable for most crops"
23,1012.8,20.6,18.4,17.1,18.0,97,95,1,37.9,40,22.0,94,86,1.84,"Moderate rainfall, suitable for most crops"
24,1020.2,17.7,15.3,12.7,14.9,98,99,1,38.9,70,42.0,31,72,1.09,"Moderate rainfall, suitable for most crops"
25,1023.9,15.7,13.7,11.6,9.2,75,88,1,39.9,20,19.4,45,55,5.2,"Low rainfall, consider irrigation techniques"
26,1023.6,20.2,15.8,12.6,9.8,68,22,0,40.9,70,13.4,60,83,5.58,"Low rainfall, consider irrigation techniques"
27,1024.1,22.4,17.3,14.6,8.4,58,19,0,41.9,30,14.6,45,24,6.26,"Low rainfall, consider irrigation techniques"
28,1024.1,19.9,16.9,15.2,10.0,65,58,0,42.9,60,26.9,38,28,4.14,"Low rainfall, consider irrigation techniques"
29,1021.4,19.4,17.7,15.7,9.6,59,74,1,43.9,50,20.5,92,75,4.44,"Low rainfall, consider irrigation techniques"
30,1018.3,22.2,20.0,18.4,16.3,79,89,1,44.9,40,14.8,75,6,2.19,"Moderate rainfall, suitable for most crops"
31,1015.3,25.5,21.5,19.1,18.9,86,83,0,45.9,50,4.5,41,14,4.02,"Low rainfall, consider irrigation techniques"
1,1014.5,25.3,21.9,19.9,19.5,86,83,0,46.9,50,8.3,41,11,0.24,"Moderate rainfall, suitable for most crops"
2,1015.6,23.8,21.3,19.8,19.6,90,81,1,47.9,40,14.5,48,58,6.36,"Low rainfall, consider irrigation techniques"
3,1014.6,26.5,23.0,21.0,20.7,87,88,0,48.9,50,9.2,55,37,7.11,"Low rainfall, consider irrigation techniques"
4,1012.5,28.1,23.6,20.7,21.4,88,84,1,49.9,120,8.0,67,5,7.31,"Low rainfall, consider irrigation techniques"
5,1013.3,24.4,22.3,20.7,20.8,91,78,1,50.9,40,14.8,29,27,6.53,"Low rainfall, consider irrigation techniques"
6,1013.3,26.5,23.1,21.5,21.6,91,83,0,51.9,70,20.0,74,58,0.17,"Moderate rainfall, suitable for most crops"
7,1013.2,26.9,23.9,22.4,22.3,91,84,0,52.9,40,10.0,89,24,4.27,"Low rainfall, consider irrigation techniques"
8,1013.3,27.9,25.3,23.2,22.9,87,84,1,53.9,40,9.1,68,85,4.55,"Low rainfall, consider irrigation techniques"
9,1011.6,27.5,25.7,24.4,23.2,86,88,1,54.9,200,17.3,42,69,5.52,"Low rainfall, consider irrigation techniques"
10,1009.2,26.3,23.3,21.3,21.9,92,93,1,55.9,190,20.5,62,82,6.26,"Low rainfall, consider irrigation techniques"
11,1010.1,22.8,21.5,20.1,19.9,91,89,1,56.9,70,31.8,75,93,0.59,"Moderate rainfall, suitable for most crops"
12,1009.1,21.3,20.3,19.9,19.3,94,88,1,57.9,70,29.8,90,45,7.32,"Low rainfall, consider irrigation techniques"
13,1005.5,25.1,21.8,20.9,21.6,98,93,1,58.9,40,14.5,47,19,7.94,"High rainfall, consider drainage systems"
14,1008.5,25.2,23.1,21.6,22.8,98,88,1,59.9,30,11.2,27,52,6.15,"Low rainfall, consider irrigation techniques"
15,1011.4,23.5,21.1,20.6,20.6,97,88,1,60.9,30,20.0,66,55,2.38,"Moderate rainfall, suitable for most crops"
16,1010.5,28.1,24.7,20.6,22.7,89,81,1,61.9,210,15.3,48,83,0.54,"Moderate rainfall, suitable for most crops"
17,1010.9,27.5,25.9,24.1,24.2,90,86,1,62.9,190,16.0,34,35,5.78,"Low rainfall, consider irrigation techniques"
18,1014.4,26.7,23.1,20.1,20.8,87,81,1,63.9,80,19.6,72,70,2.24,"Moderate rainfall, suitable for most crops"
19,1017.4,21.8,20.5,20.1,18.1,86,88,1,64.9,70,35.3,32,49,3.59,"Low rainfall, consider irrigation techniques"
20,1014.6,22.9,21.6,20.2,19.5,88,89,1,65.9,40,20.9,45,58,1.12,"Moderate rainfall, suitable for most crops"
21,1012.5,28.4,24.6,22.0,22.3,87,80,1,66.9,30,7.3,86,5,5.56,"Low rainfall, consider irrigation techniques"
22,1010.7,26.1,23.7,21.0,22.0,90,81,1,67.9,300,11.1,56,52,4.53,"Low rainfall, consider irrigation techniques"
23,1008.2,27.7,24.9,22.6,22.8,88,81,1,68.9,240,13.0,60,19,3.11,"Low rainfall, consider irrigation techniques"
24,1008.7,26.1,24.4,23.2,23.2,93,84,1,69.9,190,8.5,55,45,6.61,"Low rainfall, consider irrigation techniques"
25,1009.8,28.4,26.0,23.9,24.3,90,83,1,70.9,180,13.0,50,87,3.17,"Low rainfall, consider irrigation techniques"
26,1009.5,28.5,27.2,26.0,24.5,86,87,1,71.9,200,24.2,72,70,7.27,"Low rainfall, consider irrigation techniques"
27,1008.2,29.1,26.8,25.4,24.0,85,83,1,72.9,230,20.2,64,68,2.64,"Low rainfall, consider irrigation techniques"
28,1010.4,28.2,26.0,24.7,23.0,84,78,1,73.9,50,12.5,60,0,4.72,"Low rainfall, consider irrigation techniques"
29,1013.9,26.3,24.1,22.9,19.6,76,68,1,74.9,90,30.5,57,94,5.72,"Low rainfall, consider irrigation techniques"
30,1012.2,23.4,22.5,20.8,18.7,80,89,1,75.9,60,27.0,96,50,3.9,"Low rainfall, consider irrigation techniques"
1,1011.5,23.4,22.2,20.4,20.9,92,90,1,76.9,50,23.7,90,71,4.04,"Low rainfall, consider irrigation techniques"
2,1011.0,29.8,25.6,22.8,23.6,89,82,1,77.9,50,11.1,39,67,6.0,"Low rainfall, consider irrigation techniques"
3,1011.4,30.8,26.5,22.8,23.9,86,84,1,78.9,220,11.8,42,100,3.23,"Low rainfall, consider irrigation techniques"
4,1011.4,28.2,25.8,23.2,23.4,87,82,1,79.9,40,9.2,31,23,5.98,"Low rainfall, consider irrigation techniques"
5,1010.5,30.9,28.1,26.2,25.1,84,85,0,80.9,180,15.4,95,12,5.53,"Low rainfall, consider irrigation techniques"
6,1009.9,30.5,28.4,27.2,25.3,83,84,0,81.9,190,15.5,82,40,3.51,"Low rainfall, consider irrigation techniques"
7,1010.6,31.0,28.7,27.1,25.1,81,69,0,82.9,170,12.1,54,34,2.75,"Low rainfall, consider irrigation techniques"
8,1011.4,31.2,28.7,27.3,25.2,82,80,0,83.9,150,9.5,67,73,3.64,"Low rainfall, consider irrigation techniques"
9,1010.1,30.6,28.7,26.9,25.0,81,69,0,84.9,170,16.3,33,43,4.9,"Low rainfall, consider irrigation techniques"
10,1008.1,28.4,26.6,23.7,24.3,87,84,1,85.9,220,12.0,57,12,6.24,"Low rainfall, consider irrigation techniques"
11,1008.6,28.8,25.5,23.4,20.6,75,62,0,86.9,80,26.0,90,85,7.9,"High rainfall, consider drainage systems"
12,1009.8,27.6,25.1,23.7,21.4,80,78,1,87.9,70,28.6,47,23,6.99,"Low rainfall, consider irrigation techniques"
13,1012.4,27.8,25.5,24.4,22.2,82,88,1,88.9,50,24.9,55,52,4.81,"Low rainfall, consider irrigation techniques"
14,1014.2,27.7,25.4,24.0,23.4,89,86,1,89.9,70,28.3,91,6,6.54,"Low rainfall, consider irrigation techniques"
15,1012.1,29.8,26.6,24.4,23.7,85,75,1,90.9,50,15.7,33,17,6.88,"Low rainfall, consider irrigation techniques"
16,1011.2,27.1,24.8,22.5,19.4,73,69,1,91.9,10,21.9,38,65,1.59,"Moderate rainfall, suitable for most crops"
17,1012.3,24.6,23.7,23.2,20.1,80,86,1,92.9,80,39.5,78,81,0.81,"Moderate rainfall, suitable for most crops"
18,1012.0,26.3,24.5,23.4,19.9,76,79,0,93.9,70,30.3,46,45,2.46,"Moderate rainfall, suitable for most crops"
19,1009.9,28.1,25.5,24.0,22.5,84,85,1,94.9,70,26.4,32,8,1.57,"Moderate rainfall, suitable for most crops"
20,1006.9,26.2,25.2,24.3,24.2,94,88,1,95.9,40,22.3,88,92,5.68,"Low rainfall, consider irrigation techniques"
21,1005.9,28.3,26.5,24.7,24.3,88,77,1,96.9,230,25.9,60,18,2.79,"Low rainfall, consider irrigation techniques"
22,1007.8,30.8,27.2,25.3,22.7,77,63,0,97.9,20,11.3,80,91,5.53,"Low rainfall, consider irrigation techniques"
23,1008.4,28.9,26.8,24.8,23.2,81,65,1,98.9,20,7.9,63,61,0.59,"Moderate rainfall, suitable for most crops"
24,1007.9,30.7,27.5,25.4,24.1,82,61,1,99.9,180,7.4,34,45,0.39,"Moderate rainfall, suitable for most crops"
25,1007.8,30.9,28.0,26.2,24.7,82,62,1,100.9,100,16.2,85,78,1.43,"Moderate rainfall, suitable for most crops"
26,1007.6,29.5,27.6,26.7,24.8,85,84,1,101.9,70,34.8,82,82,4.89,"Low rainfall, consider irrigation techniques"
27,1006.4,29.1,27.5,26.0,25.5,89,88,1,102.9,130,32.5,59,14,3.38,"Low rainfall, consider irrigation techniques"
28,1007.6,30.3,27.7,24.5,25.6,89,89,1,103.9,200,24.0,46,2,4.24,"Low rainfall, consider irrigation techniques"
29,1007.9,31.0,29.1,27.2,26.1,84,77,1,104.9,210,19.0,76,57,0.54,"Moderate rainfall, suitable for most crops"
30,1008.8,32.1,29.8,28.0,26.0,80,73,1,105.9,220,22.8,93,27,6.89,"Low rainfall, consider irrigation techniques"
31,1009.5,31.8,29.9,28.7,25.7,79,72,0,106.9,220,25.2,93,49,1.37,"Moderate rainfall, suitable for most crops"
1,1007.8,32.8,30.1,28.6,26.2,80,73,0,107.9,230,31.7,63,96,7.54,"Low rainfall, consider irrigation techniques"
2,1006.0,33.0,30.3,28.7,26.3,79,58,0,108.9,230,27.4,58,65,2.05,"Moderate rainfall, suitable for most crops"
3,1006.5,32.4,30.3,29.0,26.5,80,77,1,109.9,220,28.8,89,16,4.1,"Low rainfall, consider irrigation techniques"
4,1007.9,33.8,28.7,24.7,25.4,83,75,1,110.9,220,20.8,99,38,4.38,"Low rainfall, consider irrigation techniques"
5,1008.8,30.4,26.9,25.0,24.3,86,87,1,111.9,20,9.8,95,93,1.63,"Moderate rainfall, suitable for most crops"
6,1008.8,29.1,26.2,24.8,24.7,91,80,1,112.9,20,11.2,72,33,7.13,"Low rainfall, consider irrigation techniques"
7,1008.1,30.7,28.1,26.3,25.4,86,75,1,113.9,20,9.5,59,32,5.25,"Low rainfall, consider irrigation techniques"
8,1006.3,30.0,27.1,24.1,25.1,89,85,1,114.9,190,12.6,85,45,5.78,"Low rainfall, consider irrigation techniques"
9,1005.7,31.7,28.2,26.6,25.7,86,79,1,115.9,20,30.0,81,37,6.44,"Low rainfall, consider irrigation techniques"
10,1005.7,31.1,27.9,26.6,25.8,89,80,1,116.9,220,14.6,50,52,5.1,"Low rainfall, consider irrigation techniques"
11,1005.9,27.8,26.6,25.4,25.4,93,85,1,117.9,230,20.0,41,67,5.67,"Low rainfall, consider irrigation techniques"
12,1005.7,29.2,27.1,25.4,25.8,93,96,1,118.9,220,29.8,28,31,4.45,"Low rainfall, consider irrigation techniques"
13,1005.0,31.5,29.7,28.5,26.7,84,90,1,119.9,220,24.3,81,89,6.29,"Low rainfall, consider irrigation techniques"
14,1004.2,31.7,30.2,29.2,26.6,81,88,1,120.9,220,30.0,75,30,6.23,"Low rainfall, consider irrigation techniques"
15,1005.3,32.0,30.3,29.3,26.3,79,86,1,121.9,210,29.3,81,86,1.56,"Moderate rainfall, suitable for most crops"
16,1006.7,31.4,29.4,28.2,25.9,82,88,1,122.9,230,23.2,65,99,2.83,"Low rainfall, consider irrigation techniques"
17,1008.2,32.1,29.4,26.7,25.9,82,85,1,123.9,220,12.8,82,74,2.43,"Moderate rainfall, suitable for most crops"
18,1010.5,30.8,29.3,27.7,26.0,83,81,1,124.9,200,19.8,81,38,1.01,"Moderate rainfall, suitable for most crops"
19,1010.3,34.2,30.1,27.8,26.1,80,41,0,125.9,130,12.4,25,31,1.71,"Moderate rainfall, suitable for most crops"
20,1008.5,34.4,30.8,28.6,26.3,78,59,1,126.9,170,12.1,89,10,6.92,"Low rainfall, consider irrigation techniques"
21,1009.3,33.7,30.6,28.7,25.6,75,51,0,127.9,200,12.6,65,68,3.54,"Low rainfall, consider irrigation techniques"
22,1009.5,33.7,30.5,28.5,25.3,75,32,0,128.9,220,10.9,51,43,3.57,"Low rainfall, consider irrigation techniques"
23,1008.4,34.1,30.4,28.4,24.7,72,20,0,129.9,210,9.6,63,47,1.25,"Moderate rainfall, suitable for most crops"
24,1008.1,35.2,31.0,28.8,25.0,72,38,0,130.9,180,9.0,63,64,0.3,"Moderate rainfall, suitable for most crops"
25,1008.9,35.5,31.4,28.9,26.1,74,39,0,131.9,150,9.1,87,40,6.76,"Low rainfall, consider irrigation techniques"
26,1009.1,35.1,31.3,29.4,26.3,75,57,1,132.9,160,11.9,89,89,2.77,"Low rainfall, consider irrigation techniques"
27,1007.5,35.1,31.1,28.6,26.7,78,61,1,133.9,60,15.7,51,59,0.09,"Moderate rainfall, suitable for most crops"
28,1007.5,32.3,29.1,26.3,26.3,85,83,1,134.9,220,26.1,89,95,2.53,"Low rainfall, consider irrigation techniques"
29,1010.0,33.3,29.0,27.5,26.7,87,79,1,135.9,160,23.4,66,18,5.38,"Low rainfall, consider irrigation techniques"
30,1010.3,33.1,30.0,27.8,26.0,80,83,1,136.9,190,24.4,95,28,5.33,"Low rainfall, consider irrigation techniques"
1,1008.9,33.0,30.1,27.7,26.0,79,78,1,137.9,190,21.9,76,94,0.89,"Moderate rainfall, suitable for most crops"
2,1009.1,32.0,29.4,26.9,26.0,82,86,1,138.9,200,21.9,52,76,5.01,"Low rainfall, consider irrigation techniques"
3,1008.7,31.5,29.4,27.3,25.8,82,84,1,139.9,190,25.1,74,98,5.34,"Low rainfall, consider irrigation techniques"
4,1006.6,33.0,30.1,28.0,25.9,78,83,1,140.9,180,33.0,83,36,5.64,"Low rainfall, consider irrigation techniques"
5,1007.5,32.6,29.0,25.8,26.5,87,88,1,141.9,130,22.5,86,26,2.38,"Moderate rainfall, suitable for most crops"
6,1008.4,28.8,27.3,24.7,26.0,93,88,1,142.9,130,24.8,48,90,0.72,"Moderate rainfall, suitable for most crops"
7,1005.9,34.0,30.2,27.9,25.6,77,53,1,143.9,270,11.3,28,99,0.25,"Moderate rainfall, suitable for most crops"
8,1001.0,34.2,31.0,28.1,25.9,75,46,0,144.9,280,23.5,35,13,4.91,"Low rainfall, consider irrigation techniques"
9,999.0,35.6,31.5,26.4,26.4,75,57,1,145.9,280,25.0,73,86,6.01,"Low rainfall, consider irrigation techniques"
10,1000.3,31.3,28.6,26.2,25.0,81,88,1,146.9,240,18.8,76,17,2.25,"Moderate rainfall, suitable for most crops"
11,1002.2,31.1,28.9,26.1,26.1,85,89,1,147.9,240,19.8,55,44,7.59,"Low rainfall, consider irrigation techniques"
12,1003.8,29.0,28.1,27.0,25.1,84,88,1,148.9,230,16.3,96,64,1.98,"Moderate rainfall, suitable for most crops"
13,1005.0,31.7,28.6,25.6,26.1,87,82,1,149.9,160,12.6,73,4,1.78,"Moderate rainfall, suitable for most crops"
14,1006.8,30.3,28.9,26.4,26.2,86,83,1,150.9,230,14.3,75,4,1.1,"Moderate rainfall, suitable for most crops"
15,1007.0,33.0,30.2,28.6,26.4,81,78,1,151.9,230,22.4,86,37,1.94,"Moderate rainfall, suitable for most crops"
16,1008.1,33.2,30.6,29.0,26.4,79,69,1,152.9,240,25.1,82,65,1.18,"Moderate rainfall, suitable for most crops"
17,1008.5,33.2,30.6,29.0,26.2,78,69,0,153.9,230,23.7,46,79,6.45,"Low rainfall, consider irrigation techniques"
18,1007.5,32.4,30.4,28.7,25.3,74,72,1,154.9,230,23.7,98,75,3.29,"Low rainfall, consider irrigation techniques"
19,1007.9,32.3,29.9,26.7,25.8,79,78,1,155.9,220,25.1,49,43,4.07,"Low rainfall, consider irrigation techniques"
20,1009.8,31.9,29.2,25.6,25.6,82,70,1,156.9,220,22.6,98,76,3.55,"Low rainfall, consider irrigation techniques"
21,1010.9,33.3,30.0,27.5,25.3,76,49,1,157.9,220,12.3,98,14,4.27,"Low rainfall, consider irrigation techniques"
22,1010.3,32.9,30.0,28.1,25.2,76,29,0,158.9,240,14.5,76,17,6.14,"Low rainfall, consider irrigation techniques"
23,1008.9,32.8,30.0,28.0,25.4,77,32,0,159.9,250,21.6,88,83,2.31,"Moderate rainfall, suitable for most crops"
24,1008.4,34.0,30.4,28.0,24.6,72,21,0,160.9,240,16.0,44,66,4.96,"Low rainfall, consider irrigation techniques"
25,1008.6,35.0,30.8,28.3,25.5,74,28,0,161.9,130,8.3,89,31,5.7,"Low rainfall, consider irrigation techniques"
26,1008.3,32.0,29.4,27.0,26.4,84,57,1,162.9,60,17.5,42,26,7.68,"High rainfall, consider drainage systems"
27,1009.3,33.4,30.2,28.0,25.3,76,44,1,163.9,200,9.5,100,96,3.41,"Low rainfall, consider irrigation techniques"
28,1009.7,32.9,30.1,28.1,24.8,74,29,0,164.9,240,12.8,26,65,3.16,"Low rainfall, consider irrigation techniques"
29,1008.5,33.7,30.3,27.6,24.9,74,32,0,165.9,260,21.9,74,93,3.17,"Low rainfall, consider irrigation techniques"
30,1006.6,33.5,29.9,28.7,24.7,74,49,1,166.9,270,16.1,44,36,1.77,"Moderate rainfall, suitable for most crops"
31,1005.1,33.9,30.1,27.0,24.9,74,47,1,167.9,50,14.1,49,76,0.71,"Moderate rainfall, suitable for most crops"
1,1011.2,32.2,28.9,26.9,24.6,78,69,0,168.9,20,11.8,96,82,5.11,"Low rainfall, consider irrigation techniques"
2,1011.6,32.3,28.9,26.8,24.5,78,54,0,169.9,100,9.8,80,80,6.18,"Low rainfall, consider irrigation techniques"
3,1010.6,33.3,29.5,27.3,24.5,75,38,0,170.9,20,5.5,54,59,6.87,"Low rainfall, consider irrigation techniques"
4,1008.3,33.3,29.4,26.8,24.1,74,29,0,171.9,10,4.4,25,45,6.54,"Low rainfall, consider irrigation techniques"
5,1006.1,33.3,29.6,27.6,24.4,74,27,0,172.9,220,8.7,48,96,6.39,"Low rainfall, consider irrigation techniques"
6,1005.3,33.1,30.1,27.8,24.2,72,29,0,173.9,220,6.1,94,47,4.27,"Low rainfall, consider irrigation techniques"
7,1003.4,33.3,30.7,28.2,24.9,72,40,0,174.9,290,10.9,43,90,3.83,"Low rainfall, consider irrigation techniques"
8,998.5,36.3,32.4,30.0,24.0,62,55,0,175.9,290,17.2,95,84,3.81,"Low rainfall, consider irrigation techniques"
9,998.5,34.7,31.0,26.9,24.8,71,80,1,176.9,220,26.4,29,39,5.19,"Low rainfall, consider irrigation techniques"
10,1004.5,30.6,28.1,25.1,25.2,85,88,1,177.9,230,20.2,59,13,6.58,"Low rainfall, consider irrigation techniques"
11,1007.3,32.8,29.2,26.3,25.4,81,77,1,178.9,220,13.9,74,90,4.39,"Low rainfall, consider irrigation techniques"
12,1007.9,33.7,30.0,27.8,25.8,79,78,1,179.9,220,11.9,98,88,4.18,"Low rainfall, consider irrigation techniques"
13,1007.9,29.6,28.0,26.4,25.6,87,84,1,180.9,230,22.9,71,84,2.9,"Low rainfall, consider irrigation techniques"
14,1007.4,28.8,26.9,25.6,25.1,90,88,1,181.9,210,12.9,90,25,0.33,"Moderate rainfall, suitable for most crops"
15,1008.5,28.6,27.0,24.9,25.0,89,88,1,182.9,220,14.2,99,54,6.51,"Low rainfall, consider irrigation techniques"
16,1008.5,31.2,29.2,26.9,26.5,86,88,1,183.9,230,18.0,51,32,3.77,"Low rainfall, consider irrigation techniques"
17,1008.2,32.4,29.9,28.3,26.6,83,81,1,184.9,230,20.5,84,50,0.99,"Moderate rainfall, suitable for most crops"
18,1008.0,33.8,30.2,28.4,25.8,78,67,1,185.9,220,18.1,95,62,1.97,"Moderate rainfall, suitable for most crops"
19,1007.7,32.8,30.1,28.1,25.7,77,59,0,186.9,230,16.6,82,41,7.14,"Low rainfall, consider irrigation techniques"
20,1006.3,31.2,29.1,26.8,26.1,84,67,1,187.9,270,6.9,62,60,1.11,"Moderate rainfall, suitable for most crops"
21,1002.2,33.4,30.0,26.9,25.5,77,70,0,188.9,350,13.6,81,75,3.89,"Low rainfall, consider irrigation techniques"
22,1000.1,32.0,30.2,28.4,24.4,71,48,1,189.9,10,12.0,76,38,6.31,"Low rainfall, consider irrigation techniques"
23,1000.0,32.9,30.6,28.0,24.2,69,30,1,190.9,220,11.7,48,37,4.98,"Low rainfall, consider irrigation techniques"
24,1002.4,33.2,30.7,28.3,24.3,70,48,0,191.9,10,11.0,62,34,3.66,"Low rainfall, consider irrigation techniques"
25,1005.5,34.4,30.6,27.9,23.2,65,22,0,192.9,10,10.7,80,19,2.7,"Low rainfall, consider irrigation techniques"
26,1008.1,31.7,28.9,27.8,25.3,81,78,1,193.9,40,16.4,74,59,3.93,"Low rainfall, consider irrigation techniques"
27,1008.1,32.4,29.0,27.0,25.0,79,75,0,194.9,200,12.0,99,9,3.6,"Low rainfall, consider irrigation techniques"
28,1006.5,31.2,28.3,26.9,24.4,79,84,1,195.9,210,8.9,78,44,2.74,"Low rainfall, consider irrigation techniques"
29,1006.2,29.6,27.8,26.5,24.8,84,87,1,196.9,230,11.0,94,30,5.57,"Low rainfall, consider irrigation techniques"
30,1006.8,27.9,26.6,25.8,25.2,92,88,1,197.9,220,5.9,71,60,5.36,"Low rainfall, consider irrigation techniques"
31,1007.4,29.0,27.4,25.8,25.0,87,88,1,198.9,40,5.7,91,36,4.51,"Low rainfall, consider irrigation techniques"
1,1007.8,28.9,27.4,25.7,25.4,89,87,1,199.9,50,8.6,95,58,4.08,"Low rainfall, consider irrigation techniques"
2,1010.9,27.7,25.8,24.5,24.8,94,88,1,200.9,110,16.5,58,28,3.61,"Low rainfall, consider irrigation techniques"
3,1013.0,29.0,27.6,25.8,25.8,90,87,1,201.9,60,18.2,31,62,5.01,"Low rainfall, consider irrigation techniques"
4,1013.1,32.9,29.1,27.0,25.7,82,60,0,202.9,80,9.8,37,22,4.06,"Low rainfall, consider irrigation techniques"
5,1011.1,31.9,29.3,27.2,24.8,78,38,0,203.9,220,11.7,92,57,5.01,"Low rainfall, consider irrigation techniques"
6,1008.1,32.3,29.6,27.8,25.6,79,43,0,204.9,240,24.9,78,1,6.81,"Low rainfall, consider irrigation techniques"
7,1007.2,29.6,28.3,26.7,25.9,87,82,1,205.9,250,21.3,88,82,0.03,"Moderate rainfall, suitable for most crops"
8,1009.4,30.7,27.9,26.4,23.1,75,60,0,206.9,60,29.0,41,15,1.71,"Moderate rainfall, suitable for most crops"
9,1012.0,31.2,28.2,26.5,23.0,74,44,1,207.9,70,26.2,87,69,2.3,"Moderate rainfall, suitable for most crops"
10,1012.7,31.3,28.1,26.5,23.2,75,47,0,208.9,60,24.5,35,63,7.49,"Low rainfall, consider irrigation techniques"
11,1011.1,31.0,28.1,26.8,23.7,77,46,1,209.9,100,21.4,56,53,6.72,"Low rainfall, consider irrigation techniques"
12,1011.5,30.5,27.9,26.2,23.2,76,66,1,210.9,90,22.6,96,76,3.57,"Low rainfall, consider irrigation techniques"
13,1013.0,31.2,28.0,25.8,21.4,68,49,0,211.9,50,39.9,43,20,7.28,"Low rainfall, consider irrigation techniques"
14,1012.2,31.4,28.0,25.9,22.1,71,46,0,212.9,60,41.3,60,79,6.53,"Low rainfall, consider irrigation techniques"
15,1011.3,31.9,28.6,26.5,23.1,73,60,0,213.9,70,39.5,50,56,2.8,"Low rainfall, consider irrigation techniques"
16,1011.9,31.0,28.1,26.9,24.5,81,86,1,214.9,70,32.2,43,51,5.28,"Low rainfall, consider irrigation techniques"
17,1014.6,30.6,28.2,27.1,24.2,79,72,1,215.9,70,27.4,34,31,0.5,"Moderate rainfall, suitable for most crops"
18,1015.0,31.8,28.5,26.8,24.0,77,47,1,216.9,70,14.5,38,64,7.03,"Low rainfall, consider irrigation techniques"
19,1012.2,30.6,28.3,26.8,24.3,79,67,0,217.9,180,8.1,62,6,4.11,"Low rainfall, consider irrigation techniques"
20,1009.3,31.1,28.7,27.1,24.5,78,74,1,218.9,200,14.5,37,3,6.55,"Low rainfall, consider irrigation techniques"
21,1008.6,28.7,27.4,25.5,23.8,81,88,1,219.9,190,11.9,32,26,3.22,"Low rainfall, consider irrigation techniques"
22,1009.9,31.0,28.1,26.3,25.5,86,67,1,220.9,110,14.8,73,66,5.74,"Low rainfall, consider irrigation techniques"
23,1009.1,32.0,28.9,27.3,25.3,81,40,1,221.9,110,10.2,33,42,4.92,"Low rainfall, consider irrigation techniques"
24,1006.7,32.0,29.3,27.4,24.7,77,23,0,222.9,230,17.3,98,22,1.96,"Moderate rainfall, suitable for most crops"
25,1004.9,32.2,29.7,28.1,25.3,78,38,0,223.9,230,20.5,26,80,5.19,"Low rainfall, consider irrigation techniques"
26,1006.7,32.2,28.7,26.9,26.3,87,71,1,224.9,90,14.0,42,51,1.92,"Moderate rainfall, suitable for most crops"
27,1008.2,30.2,27.8,26.5,25.0,85,81,1,225.9,90,15.1,79,65,2.68,"Low rainfall, consider irrigation techniques"
28,1006.7,32.8,29.0,25.8,20.6,61,30,0,226.9,10,16.4,49,75,3.84,"Low rainfall, consider irrigation techniques"
29,1005.6,31.3,29.7,27.4,20.0,56,53,0,227.9,230,15.5,33,78,5.51,"Low rainfall, consider irrigation techniques"
30,1011.0,32.7,29.8,28.2,24.8,75,78,1,228.9,140,12.7,89,8,1.22,"Moderate rainfall, suitable for most crops"
1,1013.0,31.7,28.8,26.4,25.3,81,84,1,229.9,30,7.9,65,11,0.22,"Moderate rainfall, suitable for most crops"
2,1012.4,31.6,27.9,26.5,23.1,76,82,1,230.9,10,30.6,96,18,4.19,"Low rainfall, consider irrigation techniques"
3,1011.7,29.7,26.8,24.2,23.7,83,88,1,231.9,60,52.8,47,42,4.17,"Low rainfall, consider irrigation techniques"
4,1013.2,27.8,26.7,24.9,25.2,92,95,1,232.9,120,50.7,27,64,1.88,"Moderate rainfall, suitable for most crops"
5,1015.2,27.8,26.7,25.4,25.4,93,88,1,233.9,100,37.0,74,2,6.82,"Low rainfall, consider irrigation techniques"
6,1014.1,26.8,26.0,25.3,25.4,97,86,1,234.9,100,30.4,59,92,5.8,"Low rainfall, consider irrigation techniques"
7,1012.7,27.6,26.4,25.0,25.0,92,85,1,235.9,140,12.5,43,90,4.08,"Low rainfall, consider irrigation techniques"
8,1010.5,30.0,27.8,26.1,23.1,76,54,0,236.9,300,13.0,35,61,2.99,"Low rainfall, consider irrigation techniques"
9,1011.3,29.4,26.8,24.8,20.9,70,45,1,237.9,20,20.4,85,5,6.43,"Low rainfall, consider irrigation techniques"
10,1013.7,26.6,24.3,21.1,19.9,77,85,1,238.9,20,30.2,72,98,2.5,"Low rainfall, consider irrigation techniques"
11,1018.0,22.1,20.5,18.5,16.6,78,88,1,239.9,20,38.3,74,14,0.36,"Moderate rainfall, suitable for most crops"
12,1019.0,24.9,23.1,21.0,16.8,67,88,1,240.9,50,28.2,81,35,0.54,"Moderate rainfall, suitable for most crops"
13,1018.7,27.8,25.1,23.3,19.1,70,68,1,241.9,70,32.4,82,64,5.43,"Low rainfall, consider irrigation techniques"
14,1017.4,28.2,25.0,23.1,20.1,75,51,0,242.9,70,23.9,80,24,3.4,"Low rainfall, consider irrigation techniques"
15,1015.2,28.7,25.2,23.1,20.7,76,19,0,243.9,90,14.1,49,25,4.77,"Low rainfall, consider irrigation techniques"
16,1013.8,29.4,25.8,23.3,20.4,73,20,0,244.9,30,9.9,95,65,7.92,"High rainfall, consider drainage systems"
17,1013.4,30.8,26.2,23.6,19.5,69,17,0,245.9,70,12.4,47,100,1.74,"Moderate rainfall, suitable for most crops"
18,1012.5,29.1,25.5,23.5,19.3,70,43,0,246.9,60,8.9,88,83,7.76,"High rainfall, consider drainage systems"
19,1010.2,28.2,25.3,23.1,16.7,59,79,0,247.9,20,17.3,33,74,3.04,"Low rainfall, consider irrigation techniques"
20,1008.3,29.1,26.2,23.8,17.3,58,78,0,248.9,10,17.2,35,38,7.22,"Low rainfall, consider irrigation techniques"
21,1010.2,29.2,26.4,24.3,19.3,65,64,1,249.9,10,13.2,64,43,4.42,"Low rainfall, consider irrigation techniques"
22,1012.0,30.6,27.0,25.3,20.9,70,48,0,250.9,120,9.2,51,1,1.2,"Moderate rainfall, suitable for most crops"
23,1013.0,30.7,27.0,24.8,21.6,73,50,0,251.9,80,9.9,53,86,7.45,"Low rainfall, consider irrigation techniques"
24,1015.0,29.6,26.8,24.9,22.1,76,61,1,252.9,80,19.7,88,72,0.15,"Moderate rainfall, suitable for most crops"
25,1016.8,26.6,25.9,25.4,21.7,77,77,1,253.9,80,37.5,35,52,2.57,"Low rainfall, consider irrigation techniques"
26,1016.8,26.2,25.4,24.5,22.3,83,81,1,254.9,80,28.9,81,93,3.59,"Low rainfall, consider irrigation techniques"
27,1015.6,30.1,26.5,24.3,22.1,77,48,0,255.9,60,10.3,31,93,5.37,"Low rainfall, consider irrigation techniques"
28,1017.0,29.2,26.7,25.5,23.3,82,46,1,256.9,110,15.8,100,26,7.51,"Low rainfall, consider irrigation techniques"
29,1018.2,28.4,26.4,25.5,22.9,81,61,1,257.9,90,24.2,88,95,2.17,"Moderate rainfall, suitable for most crops"
30,1017.8,29.6,26.7,25.3,23.1,81,53,0,258.9,100,16.5,98,54,6.75,"Low rainfall, consider irrigation techniques"
31,1020.4,27.2,25.6,24.4,21.6,79,66,1,259.9,80,40.8,39,90,1.03,"Moderate rainfall, suitable for most crops"
1,1020.9,24.5,22.9,20.5,17.8,73,61,0,260.9,20,29.6,76,31,0.92,"Moderate rainfall, suitable for most crops"
2,1019.8,26.0,22.6,19.7,16.0,67,72,1,261.9,20,22.5,26,100,4.35,"Low rainfall, consider irrigation techniques"
3,1019.5,25.8,23.7,22.3,18.8,74,82,1,262.9,70,32.9,52,80,1.49,"Moderate rainfall, suitable for most crops"
4,1018.1,26.6,24.7,23.1,20.4,77,83,1,263.9,80,29.8,87,54,1.05,"Moderate rainfall, suitable for most crops"
5,1016.1,28.2,25.8,24.5,22.0,80,82,1,264.9,70,28.3,44,32,0.23,"Moderate rainfall, suitable for most crops"
6,1015.6,26.3,25.5,24.7,22.4,83,81,1,265.9,80,30.2,90,45,0.83,"Moderate rainfall, suitable for most crops"
7,1016.3,28.4,26.2,25.2,23.4,85,87,1,266.9,80,24.8,52,13,6.08,"Low rainfall, consider irrigation techniques"
8,1016.4,28.7,26.5,25.5,23.6,84,70,1,267.9,70,18.0,37,64,1.69,"Moderate rainfall, suitable for most crops"
9,1015.8,30.3,26.7,24.8,23.3,82,58,1,268.9,50,12.8,31,86,7.25,"Low rainfall, consider irrigation techniques"
10,1016.9,25.9,24.9,24.0,21.4,81,88,1,269.9,80,46.3,42,96,5.78,"Low rainfall, consider irrigation techniques"
11,1017.7,25.4,23.8,22.6,20.6,82,85,1,270.9,80,43.8,89,61,6.69,"Low rainfall, consider irrigation techniques"
12,1017.3,24.2,23.9,23.6,21.1,84,88,1,271.9,80,41.4,34,79,1.92,"Moderate rainfall, suitable for most crops"
13,1015.2,25.3,23.3,21.0,22.1,92,86,1,272.9,80,29.7,43,38,1.57,"Moderate rainfall, suitable for most crops"
14,1014.5,26.9,24.3,22.3,21.2,83,74,1,273.9,30,13.8,95,55,2.41,"Moderate rainfall, suitable for most crops"
15,1015.2,24.8,24.2,23.5,22.3,89,84,1,274.9,80,35.8,96,64,5.36,"Low rainfall, consider irrigation techniques"
16,1013.7,25.9,24.8,23.6,23.5,93,74,1,275.9,80,25.5,70,74,1.01,"Moderate rainfall, suitable for most crops"
17,1013.9,27.2,25.5,24.4,23.8,90,51,0,276.9,80,17.2,31,30,4.1,"Low rainfall, consider irrigation techniques"
18,1016.0,29.1,26.1,24.1,23.2,84,20,0,277.9,80,7.9,68,45,0.96,"Moderate rainfall, suitable for most crops"
19,1017.0,28.5,25.9,24.5,22.9,84,58,1,278.9,70,22.1,50,89,5.41,"Low rainfall, consider irrigation techniques"
20,1017.2,25.9,24.8,24.4,21.6,82,73,1,279.9,80,30.6,99,71,1.77,"Moderate rainfall, suitable for most crops"
21,1017.0,26.0,24.8,23.9,21.1,80,83,0,280.9,70,40.4,82,85,6.54,"Low rainfall, consider irrigation techniques"
22,1017.1,27.6,25.4,24.0,21.3,78,65,1,281.9,80,29.2,56,33,5.48,"Low rainfall, consider irrigation techniques"
23,1016.7,28.4,25.4,23.7,21.2,78,47,0,282.9,90,19.6,80,90,7.95,"High rainfall, consider drainage systems"
24,1016.7,26.6,24.5,23.3,19.8,76,35,1,283.9,70,31.2,87,43,4.58,"Low rainfall, consider irrigation techniques"
25,1017.7,25.3,22.6,18.2,16.8,70,44,0,284.9,20,28.6,99,80,3.0,"Low rainfall, consider irrigation techniques"
26,1020.6,21.2,18.2,15.8,7.8,52,46,0,285.9,20,34.3,53,25,6.16,"Low rainfall, consider irrigation techniques"
27,1022.4,20.4,18.4,15.3,9.7,57,44,0,286.9,60,39.3,85,70,5.39,"Low rainfall, consider irrigation techniques"
28,1022.5,22.9,20.8,19.2,15.0,70,49,0,287.9,70,34.0,90,39,6.91,"Low rainfall, consider irrigation techniques"
29,1021.2,24.1,22.1,20.3,17.4,75,40,0,288.9,60,16.0,40,88,0.14,"Moderate rainfall, suitable for most crops"
30,1018.9,25.2,22.4,20.4,17.7,75,56,1,289.9,100,15.7,51,83,2.74,"Low rainfall, consider irrigation techniques"
1,1017.6,25.1,22.9,22.0,19.0,79,85,0,290.9,70,25.0,75,28,2.14,"Moderate rainfall, suitable for most crops"
2,1017.1,25.0,23.3,22.2,19.6,80,69,1,291.9,70,15.9,43,9,1.42,"Moderate rainfall, suitable for most crops"
3,1019.4,22.3,20.8,19.6,16.5,77,93,1,292.9,20,27.9,51,98,3.83,"Low rainfall, consider irrigation techniques"
4,1021.1,21.0,19.5,18.4,14.9,75,88,1,293.9,50,37.9,54,68,2.95,"Low rainfall, consider irrigation techniques"
5,1018.4,20.3,18.4,15.7,15.8,85,91,1,294.9,70,41.3,78,70,2.39,"Moderate rainfall, suitable for most crops"
6,1021.3,18.1,16.6,15.4,12.2,76,91,1,295.9,10,28.4,27,39,5.93,"Low rainfall, consider irrigation techniques"
7,1023.1,19.3,17.3,15.4,12.1,72,86,0,296.9,10,21.8,76,9,4.69,"Low rainfall, consider irrigation techniques"
8,1022.2,19.0,18.0,17.0,14.1,78,90,1,297.9,30,28.5,77,23,4.3,"Low rainfall, consider irrigation techniques"
9,1016.8,18.9,17.7,16.9,16.8,95,95,1,298.9,60,35.1,44,13,0.93,"Moderate rainfall, suitable for most crops"
10,1015.5,20.9,19.3,17.6,16.8,86,80,1,299.9,20,10.2,48,45,5.68,"Low rainfall, consider irrigation techniques"
11,1016.4,23.0,19.9,17.9,15.5,76,72,0,300.9,60,20.7,96,61,6.84,"Low rainfall, consider irrigation techniques"
12,1016.2,20.7,20.0,19.4,17.1,83,88,0,301.9,70,39.5,41,39,0.97,"Moderate rainfall, suitable for most crops"
13,1016.4,21.0,20.4,19.7,17.8,85,83,1,302.9,70,30.3,86,54,1.21,"Moderate rainfall, suitable for most crops"
14,1016.6,21.3,20.4,19.1,17.3,82,84,1,303.9,50,20.3,77,34,4.51,"Low rainfall, consider irrigation techniques"
15,1019.0,20.4,18.4,16.0,12.6,69,70,1,304.9,10,26.8,96,98,1.89,"Moderate rainfall, suitable for most crops"
16,1022.5,17.2,15.2,13.4,4.3,49,11,0,305.9,10,48.0,98,28,6.15,"Low rainfall, consider irrigation techniques"
17,1025.9,15.2,13.2,11.5,-0.4,39,25,0,306.9,20,35.6,97,25,4.07,"Low rainfall, consider irrigation techniques"
18,1026.4,16.5,13.9,11.3,3.1,48,11,0,307.9,40,25.2,84,50,6.21,"Low rainfall, consider irrigation techniques"
19,1025.4,18.2,16.2,13.8,8.7,62,71,0,308.9,30,29.0,38,96,0.58,"Moderate rainfall, suitable for most crops"
20,1022.5,18.6,17.6,17.0,12.9,75,88,1,309.9,40,19.0,70,75,4.08,"Low rainfall, consider irrigation techniques"
21,1021.3,21.1,19.4,17.1,16.2,82,87,1,310.9,50,22.5,53,31,1.27,"Moderate rainfall, suitable for most crops"
22,1020.3,20.6,19.9,18.7,17.6,87,88,1,311.9,60,27.3,61,4,1.16,"Moderate rainfall, suitable for most crops"
23,1017.8,22.3,21.1,19.8,19.6,91,79,1,312.9,40,15.0,83,38,5.54,"Low rainfall, consider irrigation techniques"
24,1016.8,24.7,22.3,21.1,20.7,91,70,1,313.9,40,9.4,36,67,2.16,"Moderate rainfall, suitable for most crops"
25,1020.4,21.4,18.2,16.1,13.5,75,89,1,314.9,10,27.6,88,98,6.49,"Low rainfall, consider irrigation techniques"
26,1020.6,19.7,17.9,16.9,13.3,74,87,0,315.9,30,21.6,89,98,7.4,"Low rainfall, consider irrigation techniques"
27,1022.7,18.8,17.7,16.9,15.0,84,90,1,316.9,30,18.4,53,33,3.57,"Low rainfall, consider irrigation techniques"
28,1026.6,18.6,17.3,16.3,12.8,75,85,1,317.9,20,25.9,85,79,2.49,"Moderate rainfall, suitable for most crops"
29,1025.9,18.9,17.7,16.4,13.3,75,78,1,318.9,70,33.4,25,74,3.89,"Low rainfall, consider irrigation techniques"
30,1025.3,19.2,17.3,15.2,13.3,78,86,1,319.9,20,20.9,56,97,1.8,"Moderate rainfall, suitable for most crops"
31,1026.4,20.5,17.8,15.5,13.0,74,66,0,320.9,20,23.3,30,42,0.7,"Moderate rainfall, suitable for most crops"
